<?xml version="1.0" encoding="UTF-8"?>
<project-private xmlns="http://www.netbeans.org/ns/project-private/1">
    <editor-bookmarks xmlns="http://www.netbeans.org/ns/editor-bookmarks/2" lastBookmarkId="0"/>
    <open-files xmlns="http://www.netbeans.org/ns/projectui-open-files/2">
        <group>
            <file>file:/C:/Users/tboulware/OneDrive/_ISU/_CIS260/Class%20Materials/Week14/CheckOut_System_FileIO/src/business/Item.java</file>
            <file>file:/C:/Users/tboulware/OneDrive/_ISU/_CIS260/Class%20Materials/Week14/CheckOut_System_FileIO/src/data/FileIO_Objects.java</file>
            <file>file:/C:/Users/tboulware/OneDrive/_ISU/_CIS260/Class%20Materials/Week14/CheckOut_System_FileIO/src/data/FileIO_Streams.java</file>
            <file>file:/C:/Users/tboulware/OneDrive/_ISU/_CIS260/Class%20Materials/Week14/CheckOut_System_FileIO/src/business/ItemList.java</file>
        </group>
    </open-files>
</project-private>
