<?xml version="1.0" encoding="UTF-8"?>
<project-private xmlns="http://www.netbeans.org/ns/project-private/1">
    <editor-bookmarks xmlns="http://www.netbeans.org/ns/editor-bookmarks/2" lastBookmarkId="0"/>
    <open-files xmlns="http://www.netbeans.org/ns/projectui-open-files/2">
        <group>
            <file>file:/C:/Users/tboulware/OneDrive/__ISU/_CIS260/Class%20Materials/Week4/Examples/WK3_TDA_Circle_GUI_WithBugs/src/presentation/Circle_GUI.java</file>
            <file>file:/C:/Users/tboulware/OneDrive/__ISU/_CIS260/Class%20Materials/Week4/Examples/WK3_TDA_Circle_GUI_WithBugs/src/business/Circle.java</file>
        </group>
    </open-files>
</project-private>
