<?xml version="1.0" encoding="UTF-8"?>
<project-private xmlns="http://www.netbeans.org/ns/project-private/1">
    <editor-bookmarks xmlns="http://www.netbeans.org/ns/editor-bookmarks/2" lastBookmarkId="0"/>
    <open-files xmlns="http://www.netbeans.org/ns/projectui-open-files/2">
        <group>
            <file>file:/C:/Users/Tevis/OneDrive/__ISU/_CIS260/Class%20Materials/Week5/Examples/WK5_Example_Circle_GUI/src/business/shapes/Shape.java</file>
            <file>file:/C:/Users/Tevis/OneDrive/__ISU/_CIS260/Class%20Materials/Week5/Examples/WK5_Example_Circle_GUI/src/business/dimension/ShapeDimensions.java</file>
            <file>file:/C:/Users/Tevis/OneDrive/__ISU/_CIS260/Class%20Materials/Week5/Examples/WK5_Example_Circle_GUI/src/business/dimension/ShapeOneDimension.java</file>
            <file>file:/C:/Users/Tevis/OneDrive/__ISU/_CIS260/Class%20Materials/Week5/Examples/WK5_Example_Circle_GUI/src/business/shapes/Circle.java</file>
            <file>file:/C:/Users/Tevis/OneDrive/__ISU/_CIS260/Class%20Materials/Week5/Examples/WK5_Example_Circle_GUI/src/presentation/Shapes_GUI.java</file>
            <file>file:/C:/Users/Tevis/OneDrive/__ISU/_CIS260/Class%20Materials/Week5/Examples/WK5_Example_Circle_GUI/src/business/shapes/ShapeTypes.java</file>
        </group>
    </open-files>
</project-private>
