<?xml version="1.0" encoding="UTF-8"?>
<project-private xmlns="http://www.netbeans.org/ns/project-private/1">
    <editor-bookmarks xmlns="http://www.netbeans.org/ns/editor-bookmarks/2" lastBookmarkId="0"/>
    <open-files xmlns="http://www.netbeans.org/ns/projectui-open-files/2">
        <group>
            <file>file:/C:/Users/dgallup14/Documents/NetBeansProjects/DYLAN%20GALLUP,%20CS260,%20Week%206/CS260_WK6_classex/src/business/Car.java</file>
            <file>file:/C:/Users/dgallup14/Documents/NetBeansProjects/DYLAN%20GALLUP,%20CS260,%20Week%206/CS260_WK6_classex/src/presentation/Main_Car.java</file>
            <file>file:/C:/Users/dgallup14/Documents/NetBeansProjects/DYLAN%20GALLUP,%20CS260,%20Week%206/CS260_WK6_classex/src/business/Hot_Rod.java</file>
        </group>
    </open-files>
</project-private>
