<?xml version="1.0" encoding="UTF-8"?>
<project-private xmlns="http://www.netbeans.org/ns/project-private/1">
    <editor-bookmarks xmlns="http://www.netbeans.org/ns/editor-bookmarks/2" lastBookmarkId="0"/>
    <open-files xmlns="http://www.netbeans.org/ns/projectui-open-files/2">
        <group>
            <file>file:/C:/Users/dgallup14/Documents/CS260PROG/CS260,%20DYLAN%20GALLUP,%20Course%20Project/CheckOut_System_FileIO/CheckOut_System_FileIO/src/business/ServiceManager.java</file>
            <file>file:/C:/Users/dgallup14/Documents/CS260PROG/CS260,%20DYLAN%20GALLUP,%20Course%20Project/CheckOut_System_FileIO/CheckOut_System_FileIO/src/data/FileIO_Streams.java</file>
            <file>file:/C:/Users/dgallup14/Documents/CS260PROG/CS260,%20DYLAN%20GALLUP,%20Course%20Project/CheckOut_System_FileIO/CheckOut_System_FileIO/src/business/HardwareCost.java</file>
            <file>file:/C:/Users/dgallup14/Documents/CS260PROG/CS260,%20DYLAN%20GALLUP,%20Course%20Project/CheckOut_System_FileIO/CheckOut_System_FileIO/src/business/PersonnelCost.java</file>
            <file>file:/C:/Users/dgallup14/Documents/CS260PROG/CS260,%20DYLAN%20GALLUP,%20Course%20Project/CheckOut_System_FileIO/CheckOut_System_FileIO/src/business/ItemList.java</file>
            <file>file:/C:/Users/dgallup14/Documents/CS260PROG/CS260,%20DYLAN%20GALLUP,%20Course%20Project/CheckOut_System_FileIO/CheckOut_System_FileIO/src/data/FileIO_Objects.java</file>
            <file>file:/C:/Users/dgallup14/Documents/CS260PROG/CS260,%20DYLAN%20GALLUP,%20Course%20Project/CheckOut_System_FileIO/CheckOut_System_FileIO/src/business/Cost.java</file>
            <file>file:/C:/Users/dgallup14/Documents/CS260PROG/CS260,%20DYLAN%20GALLUP,%20Course%20Project/CheckOut_System_FileIO/CheckOut_System_FileIO/src/presentation/CheckOut_GUI.java</file>
            <file>file:/C:/Users/dgallup14/Documents/CS260PROG/CS260,%20DYLAN%20GALLUP,%20Course%20Project/CheckOut_System_FileIO/CheckOut_System_FileIO/src/business/Service.java</file>
            <file>file:/C:/Users/dgallup14/Documents/CS260PROG/CS260,%20DYLAN%20GALLUP,%20Course%20Project/CheckOut_System_FileIO/CheckOut_System_FileIO/src/business/Person.java</file>
            <file>file:/C:/Users/dgallup14/Documents/CS260PROG/CS260,%20DYLAN%20GALLUP,%20Course%20Project/CheckOut_System_FileIO/CheckOut_System_FileIO/src/business/SoftwareCost.java</file>
        </group>
    </open-files>
</project-private>
